{
  "AirconditionerA_01_001": {
    "position": {
      "x": -9.19941,
      "y": 2.41123,
      "z": 2.084544
    },
    "orientation": {
      "roll": 0.0,
      "pitch": -0.0,
      "yaw": 0.0
    }
  },
  "AirconditionerB_01_001": {
    "position": {
      "x": -2.004656,
      "y": -5.22661,
      "z": 0.003485
    },
    "orientation": {
      "roll": 0.0,
      "pitch": -0.0,
      "yaw": 0.0
    }
  },
  "Ball_01_001": {
    "position": {
      "x": 3.295503,
      "y": 4.225674,
      "z": 0.318684
    },
    "orientation": {
      "roll": 0.0,
      "pitch": -0.0,
      "yaw": 0.0
    }
  },
  "Ball_01_003": {
    "position": {
      "x": -6.945503,
      "y": -4.22174,
      "z": 0.318684
    },
    "orientation": {
      "roll": 0.0,
      "pitch": -0.0,
      "yaw": 0.0
    }
  },
  "Bed_01_001": {
    "position": {
      "x": -6.165067,
      "y": 2.03056,
      "z": -1e-05
    },
    "orientation": {
      "roll": 0.0,
      "pitch": -0.0,
      "yaw": 0.0
    }
  },
  "NightStand_01_001": {
    "position": {
      "x": -7.72551,
      "y": 2.86042,
      "z": 0.005258
    },
    "orientation": {
      "roll": -2e-06,
      "pitch": 0.0,
      "yaw": 0.0
    }
  },
  "NightStand_01_002": {
    "position": {
      "x": -4.407341,
      "y": 2.86042,
      "z": 0.005256
    },
    "orientation": {
      "roll": 0.0,
      "pitch": 2e-06,
      "yaw": 0.0
    }
  },
  "Board_01_001": {
    "position": {
      "x": 2.779073,
      "y": -5.392703,
      "z": 1.538173
    },
    "orientation": {
      "roll": 0.0,
      "pitch": -0.0,
      "yaw": 0.0
    }
  },
  "ChairA_01_001": {
    "position": {
      "x": 7.11516,
      "y": 0.209028,
      "z": 0.024685
    },
    "orientation": {
      "roll": 1e-06,
      "pitch": -0.0,
      "yaw": -1.55607
    }
  },
  "ChairA_01_002": {
    "position": {
      "x": 6.25506,
      "y": 0.219468,
      "z": 0.011308
    },
    "orientation": {
      "roll": 0.0,
      "pitch": 0.0,
      "yaw": -1.50414
    }
  },
  "ChairA_01_003": {
    "position": {
      "x": 6.06678,
      "y": 1.68075,
      "z": 0.01
    },
    "orientation": {
      "roll": 0.0,
      "pitch": -0.0,
      "yaw": 1.56986
    }
  },
  "ChairA_01_004": {
    "position": {
      "x": 7.00277,
      "y": 1.67074,
      "z": 0.0
    },
    "orientation": {
      "roll": 0.0,
      "pitch": -0.0,
      "yaw": 1.52363
    }
  },
  "ChairA_01_005": {
    "position": {
      "x": -8.27094,
      "y": 1.91665,
      "z": 0.03665
    },
    "orientation": {
      "roll": 0.0,
      "pitch": -0.0,
      "yaw": 0.0
    }
  },
  "ChairD_01_001": {
    "position": {
      "x": -1.380775,
      "y": 4.104456,
      "z": 0.0
    },
    "orientation": {
      "roll": 0.0,
      "pitch": -0.0,
      "yaw": 0.0
    }
  },
  "ChairD_01_002": {
    "position": {
      "x": 0.325214,
      "y": 4.104456,
      "z": 0.0
    },
    "orientation": {
      "roll": 0.0,
      "pitch": -0.0,
      "yaw": -3.138741
    }
  },
  "ChairD_01_003": {
    "position": {
      "x": -8.270775,
      "y": -4.504456,
      "z": 0.0
    },
    "orientation": {
      "roll": 0.0,
      "pitch": -0.0,
      "yaw": 0.869673
    }
  },
  "Chandelier_01_001": {
    "position": {
      "x": 1.221061,
      "y": 4.15574,
      "z": 1.295
    },
    "orientation": {
      "roll": 0.0,
      "pitch": -0.0,
      "yaw": 0.0
    }
  },
  "Chandelier_01_002": {
    "position": {
      "x": -6.451061,
      "y": -0.69204,
      "z": 1.81
    },
    "orientation": {
      "roll": 0.0,
      "pitch": -0.0,
      "yaw": 0.0
    }
  },
  "Chandelier_01_003": {
    "position": {
      "x": 7.824061,
      "y": -1.59,
      "z": 1.751
    },
    "orientation": {
      "roll": 0.0,
      "pitch": -0.0,
      "yaw": 0.0
    }
  },
  "Chandelier_01_004": {
    "position": {
      "x": 1.221061,
      "y": -1.59204,
      "z": 1.7873
    },
    "orientation": {
      "roll": 0.0,
      "pitch": -0.0,
      "yaw": 0.0
    }
  },
  "Carpet_01_001": {
    "position": {
      "x": 0.78505,
      "y": -1.106647,
      "z": 0.001106
    },
    "orientation": {
      "roll": 0.0,
      "pitch": -0.0,
      "yaw": 0.0
    }
  },
  "Carpet_01_002": {
    "position": {
      "x": 2.85405,
      "y": 3.45,
      "z": 0.000585
    },
    "orientation": {
      "roll": 0.0,
      "pitch": -0.0,
      "yaw": 0.0
    }
  },
  "SecurityCamera_01_001": {
    "position": {
      "x": 0.842134,
      "y": -4.996294,
      "z": 0.495067
    },
    "orientation": {
      "roll": 0.0,
      "pitch": -0.0,
      "yaw": -2.841039
    }
  },
  "CoffeeTable_01_001": {
    "position": {
      "x": 1.512301,
      "y": -1.733438,
      "z": 0.041983
    },
    "orientation": {
      "roll": 0.0,
      "pitch": 0.0,
      "yaw": 0.01
    }
  },
  "CookingBench_01_001": {
    "position": {
      "x": 9.038383,
      "y": -3.35114,
      "z": 0.90361
    },
    "orientation": {
      "roll": 0.0,
      "pitch": -0.0,
      "yaw": 3.137133
    }
  },
  "Curtain_01_001": {
    "position": {
      "x": -9.172642,
      "y": 0.20376,
      "z": 0.0
    },
    "orientation": {
      "roll": 0.0,
      "pitch": -0.0,
      "yaw": 0.0
    }
  },
  "KitchenTable_01_001": {
    "position": {
      "x": 6.55269,
      "y": 0.951173,
      "z": -6e-06
    },
    "orientation": {
      "roll": 0.0,
      "pitch": -0.0,
      "yaw": -1.56413
    }
  },
  "ReadingDesk_01_001": {
    "position": {
      "x": -8.987262,
      "y": 2.057058,
      "z": 0.0
    },
    "orientation": {
      "roll": 0.0,
      "pitch": -0.0,
      "yaw": -0.004638
    }
  },
  "BalconyTable_01_001": {
    "position": {
      "x": -0.55624,
      "y": 4.111241,
      "z": 0.0
    },
    "orientation": {
      "roll": 0.0,
      "pitch": -0.0,
      "yaw": 0.0
    }
  },
  "Door_01_001": {
    "position": {
      "x": 6.001449,
      "y": -5.549002,
      "z": 0.0
    },
    "orientation": {
      "roll": 0.0,
      "pitch": -0.0,
      "yaw": 0.0
    }
  },
  "Dumbbell_01_001": {
    "position": {
      "x": 2.512849,
      "y": 2.717787,
      "z": 0.002183
    },
    "orientation": {
      "roll": 0.0,
      "pitch": -0.0,
      "yaw": 0.0
    }
  },
  "Tablet_01_001": {
    "position": {
      "x": 1.57283,
      "y": -1.775857,
      "z": 0.40179
    },
    "orientation": {
      "roll": -0.020625,
      "pitch": -8e-05,
      "yaw": -0.006317
    }
  },
  "FitnessEquipment_01_001": {
    "position": {
      "x": 3.48472,
      "y": 3.169104,
      "z": 0.003168
    },
    "orientation": {
      "roll": 0.0,
      "pitch": -0.0,
      "yaw": 0.0
    }
  },
  "FoldingDoor_01_001": {
    "position": {
      "x": -2.461096,
      "y": 1.844219,
      "z": 0.041881
    },
    "orientation": {
      "roll": 0.0,
      "pitch": -0.0,
      "yaw": 0.0
    }
  },
  "FoldingDoor_01_002": {
    "position": {
      "x": -2.461096,
      "y": -4.05332,
      "z": 0.041881
    },
    "orientation": {
      "roll": 0.0,
      "pitch": -0.0,
      "yaw": 0.0
    }
  },
  "Handle_01_001": {
    "position": {
      "x": 5.724,
      "y": -5.523,
      "z": 0.9938
    },
    "orientation": {
      "roll": 0.0,
      "pitch": -0.0,
      "yaw": -3.1415
    }
  },
  "HouseWallB_01_001": {
    "position": {
      "x": 0.0,
      "y": 0.0,
      "z": 0.0
    },
    "orientation": {
      "roll": 0.0,
      "pitch": -0.0,
      "yaw": 0.0
    }
  },
  "FloorB_01_001": {
    "position": {
      "x": 0.0,
      "y": 0.0,
      "z": 0.0
    },
    "orientation": {
      "roll": 0.0,
      "pitch": -0.0,
      "yaw": 0.0
    }
  },
  "FoldingDoor_02_001": {
    "position": {
      "x": 4.674231,
      "y": 2.46451,
      "z": 0.0
    },
    "orientation": {
      "roll": 0.0,
      "pitch": -0.0,
      "yaw": 3.14159
    }
  },
  "FoldingDoor_02_002": {
    "position": {
      "x": 4.8912,
      "y": -4.84968,
      "z": 0.0
    },
    "orientation": {
      "roll": 0.0,
      "pitch": -0.0,
      "yaw": 0.0
    }
  },